method,within_subtype_batch_acc,subtype_AUROC
uncorrected,0.9818923767671996,0.9547845832328591
ComBat-lite (no cov),0.9371564010439777,0.41758741258741255
EB-ComBat (no cov),0.9307064504277542,0.49746443211960456
EB-ComBat (+covariate),0.9472416655931064,0.9359629451008761
