metric,value
median_meth_expr_rho,-0.1253667786192978
pct_negative,74.33308087183372
AUROC_RNA,0.9097538543328018
AUROC_METH,0.8783421052631578
AUROC_RNA+METH,0.8936881977671451
