,PC1_study_var,batch_recoverability
uncorrected,0.9870045559488607,1.0
ComBat-lite,4.131944149385628e-08,0.10277777777777779
EB-ComBat,0.00015706459621556767,0.23333333333333334
